DUB,402-644,Interaction,Frequency
GLN860,LYS402,VdWContact,2460
GLN867,LYS402,HBDonor,3813
GLN867,LYS402,VdWContact,4059
LYS894,ALA631,Cationic,1133
LYS894,ALA631,VdWContact,1021
GLU896,ASP625,VdWContact,1085
ASN897,THR618,VdWContact,2099
ASN897,ASP624,HBDonor,4456
ASN897,ASP624,VdWContact,4769
ASN897,ASP625,HBDonor,6461
ASN897,ASP625,VdWContact,6654
HIS900,THR626,VdWContact,2723
THR938,GLY598,VdWContact,1775
THR938,GLY600,VdWContact,4023
HIS940,PHE603,VdWContact,4059
LYS941,ILE613,VdWContact,2399
LYS941,LEU614,HBDonor,3129
LYS941,LEU614,Cationic,7290
LYS941,LEU614,VdWContact,6566
LYS942,SER611,Cationic,1109
ARG989,GLY586,Cationic,6006
ARG989,GLY586,VdWContact,1555
ARG991,GLN501,Cationic,1236
