DUB,Interdomain,Interaction,Frequency
ARG807,ASN741,HBDonor,3581
ARG807,ASN741,Cationic,4298
ARG807,ASN741,VdWContact,3907
LYS835,ARG756,VdWContact,1334
GLY840,GLY773,VdWContact,6332
TYR842,VAL768,VdWContact,6629
ARG843,VAL768,HBDonor,9821
ARG843,VAL768,VdWContact,9991
ARG843,PHE769,HBDonor,1989
ARG843,PHE769,Cationic,4146
ARG843,PHE769,VdWContact,4001
ARG843,GLY770,HBDonor,1380
ARG843,GLY770,Cationic,4134
ARG843,GLY770,VdWContact,2968
TYR844,VAL768,VdWContact,1218
SER846,LEU765,HBDonor,9978
SER846,LEU765,VdWContact,9998
LYS848,ASN764,Cationic,3283
LYS848,ASN764,VdWContact,4083
ASN1074,PRO774,HBDonor,9284
ASN1074,PRO774,VdWContact,9450
ARG1077,SER772,HBDonor,4790
ARG1077,SER772,Cationic,8257
ARG1077,SER772,VdWContact,6346
PHE1083,ALA775,VdWContact,2556
VAL1088,LEU776,VdWContact,1168
