DUB,1089-1118,Interaction,Frequency
HIS800,GLY1110,VdWContact,1104
VAL1006,TYR1106,VdWContact,3718
LEU1007,TYR1106,HBDonor,9492
LEU1007,TYR1106,VdWContact,9979
LEU1008,LEU1104,VdWContact,3880
VAL1009,LEU1104,HBDonor,9967
VAL1009,LEU1104,VdWContact,9997
HIS1010,TYR1102,VdWContact,3671
LEU1011,ALA1101,VdWContact,1994
LEU1011,TYR1102,HBDonor,9788
LEU1011,TYR1102,VdWContact,9894
ARG1013,SER1098,Cationic,1962
ARG1013,SER1099,Cationic,9978
ARG1013,SER1099,VdWContact,4550
ARG1013,ALA1100,Cationic,2313
ARG1013,ALA1101,HBDonor,9922
ARG1013,ALA1101,Cationic,9982
ARG1013,ALA1101,VdWContact,9942
LYS1049,SER1108,Cationic,2254
LYS1049,SER1108,VdWContact,1833
TYR1051,THR1107,VdWContact,7161
ASN1052,THR1107,HBDonor,9989
ASN1052,THR1107,VdWContact,9997
LEU1053,PHE1105,VdWContact,5954
PHE1054,PHE1105,HBDonor,9995
PHE1054,PHE1105,VdWContact,10001
PHE1054,TYR1106,VdWContact,4451
SER1055,PHE1105,HBDonor,6814
SER1055,PHE1105,VdWContact,7911
VAL1056,ILE1103,VdWContact,6362
SER1057,ILE1103,HBDonor,9981
SER1057,ILE1103,VdWContact,9998
ASN1058,ALA1100,VdWContact,6694
HIS1059,ALA1100,HBDonor,9896
HIS1059,ALA1100,VdWContact,9959
TYR1071,VAL1096,VdWContact,3270
ALA1076,ASP1115,VdWContact,1497
ARG1077,ALA1117,Cationic,1741
ARG1077,THR1118,HBDonor,2259
ARG1077,THR1118,Cationic,2700
ARG1077,THR1118,VdWContact,2300
GLN1078,ASP1115,HBDonor,1676
GLN1078,ASP1115,VdWContact,1916
TRP1080,ILE1091,VdWContact,1853
PHE1081,SER1089,VdWContact,5992
LYS1082,SER1089,HBDonor,9996
LYS1082,SER1089,VdWContact,10001
LYS1082,ASP1090,HBDonor,1029
LYS1082,ASP1090,Cationic,2903
LYS1082,ASP1090,VdWContact,2827
